{
  "id": "/subscriptions/eea20e7a-4dd0-4385-80d6-6b448e17a7da/resourceGroups/EMailTest/providers/Microsoft.Resources/deployments/Microsoft.EmailCommunicationServices-20230424072400",
  "name": "Microsoft.EmailCommunicationServices-20230424072400",
  "type": "Microsoft.Resources/deployments",
  "tags": {
    "marketplaceItemId": "Microsoft.EmailCommunicationServices"
  },
  "properties": {
    "templateHash": "3147627764683494972",
    "parameters": {
      "name": {
        "type": "String",
        "value": "cosmos2"
      },
      "tagsByResource": {
        "type": "Object",
        "value": {}
      },
      "dataLocation": {
        "type": "String",
        "value": "United States"
      }
    },
    "mode": "Incremental",
    "debugSetting": {
      "detailLevel": "None"
    },
    "provisioningState": "Running",
    "timestamp": "2023-04-24T14:24:51.3806664Z",
    "duration": "PT0.9201125S",
    "correlationId": "b1e4ecc3-b6ff-43af-8a7e-e35f07c1172a",
    "providers": [
      {
        "namespace": "Microsoft.Communication",
        "resourceTypes": [
          {
            "resourceType": "emailServices",
            "locations": [
              "global"
            ]
          }
        ]
      }
    ],
    "dependencies": [],
    "validationLevel": "Template"
  }
}