{
    "$schema": "https://schema.management.azure.com/schemas/2015-01-01/deploymentParameters.json#",
    "contentVersion": "1.0.0.0",
    "parameters": {
        "profiles_cosmos_profile_name": {
            "value": null
        },
        "sites_editor_vziit455xjerm_name": {
            "value": null
        },
        "sites_publisher_vziit455xjerm_name": {
            "value": null
        },
        "serverfarms_appplanvziit455xjerm_name": {
            "value": null
        },
        "virtualNetworks_vnetvziit455xjerm_name": {
            "value": null
        },
        "storageAccounts_filesvziit455xjerm_name": {
            "value": null
        },
        "storageAccounts_sfilesvziit455xjerm_name": {
            "value": null
        },
        "databaseAccounts_cosmos_vziit455xjerm_name": {
            "value": null
        },
        "frontdoorwebapplicationfirewallpolicies_CosmosAllOn_name": {
            "value": null
        }
    }
}