{
    "$schema": "https://schema.management.azure.com/schemas/2015-01-01/deploymentParameters.json#",
    "contentVersion": "1.0.0.0",
    "parameters": {
        "profiles_frontdoor_profile_name": {
            "value": null
        },
        "sites_editor_ut6hcjo6p6kbm_name": {
            "value": null
        },
        "sites_publisher_ut6hcjo6p6kbm_name": {
            "value": null
        },
        "serverfarms_appplanut6hcjo6p6kbm_name": {
            "value": null
        },
        "virtualNetworks_vnetut6hcjo6p6kbm_name": {
            "value": null
        },
        "storageAccounts_filesut6hcjo6p6kbm_name": {
            "value": null
        },
        "storageAccounts_sfilesut6hcjo6p6kbm_name": {
            "value": null
        },
        "databaseAccounts_cosmos_ut6hcjo6p6kbm_name": {
            "value": null
        },
        "frontdoorwebapplicationfirewallpolicies_allon_name": {
            "value": null
        },
        "frontdoorwebapplicationfirewallpolicies_allonwithbot_name": {
            "value": null
        }
    }
}