{
    "$schema": "https://schema.management.azure.com/schemas/2019-04-01/deploymentTemplate.json#",
    "contentVersion": "1.0.0.0",
    "parameters": {
        "profiles_frontdoor_profile_name": {
            "defaultValue": "frontdoor-profile",
            "type": "String"
        },
        "sites_editor_ut6hcjo6p6kbm_name": {
            "defaultValue": "editor-ut6hcjo6p6kbm",
            "type": "String"
        },
        "sites_publisher_ut6hcjo6p6kbm_name": {
            "defaultValue": "publisher-ut6hcjo6p6kbm",
            "type": "String"
        },
        "serverfarms_appplanut6hcjo6p6kbm_name": {
            "defaultValue": "appplanut6hcjo6p6kbm",
            "type": "String"
        },
        "virtualNetworks_vnetut6hcjo6p6kbm_name": {
            "defaultValue": "vnetut6hcjo6p6kbm",
            "type": "String"
        },
        "storageAccounts_filesut6hcjo6p6kbm_name": {
            "defaultValue": "filesut6hcjo6p6kbm",
            "type": "String"
        },
        "storageAccounts_sfilesut6hcjo6p6kbm_name": {
            "defaultValue": "sfilesut6hcjo6p6kbm",
            "type": "String"
        },
        "databaseAccounts_cosmos_ut6hcjo6p6kbm_name": {
            "defaultValue": "cosmos-ut6hcjo6p6kbm",
            "type": "String"
        },
        "frontdoorwebapplicationfirewallpolicies_allon_name": {
            "defaultValue": "allon",
            "type": "String"
        },
        "frontdoorwebapplicationfirewallpolicies_allonwithbot_name": {
            "defaultValue": "allonwithbot",
            "type": "String"
        }
    },
    "variables": {},
    "resources": [
        {
            "type": "Microsoft.Cdn/profiles",
            "apiVersion": "2022-11-01-preview",
            "name": "[parameters('profiles_frontdoor_profile_name')]",
            "location": "Global",
            "sku": {
                "name": "Premium_AzureFrontDoor"
            },
            "kind": "frontdoor",
            "properties": {
                "originResponseTimeoutSeconds": 60,
                "extendedProperties": {}
            }
        },
        {
            "type": "Microsoft.Network/frontdoorwebapplicationfirewallpolicies",
            "apiVersion": "2022-05-01",
            "name": "[parameters('frontdoorwebapplicationfirewallpolicies_allon_name')]",
            "location": "Global",
            "sku": {
                "name": "Premium_AzureFrontDoor"
            },
            "properties": {
                "policySettings": {
                    "enabledState": "Enabled",
                    "mode": "Prevention",
                    "requestBodyCheck": "Enabled"
                },
                "customRules": {
                    "rules": []
                },
                "managedRules": {
                    "managedRuleSets": [
                        {
                            "ruleSetType": "Microsoft_DefaultRuleSet",
                            "ruleSetVersion": "2.0",
                            "ruleSetAction": "Block",
                            "ruleGroupOverrides": [],
                            "exclusions": []
                        }
                    ]
                }
            }
        },
        {
            "type": "Microsoft.Network/frontdoorwebapplicationfirewallpolicies",
            "apiVersion": "2022-05-01",
            "name": "[parameters('frontdoorwebapplicationfirewallpolicies_allonwithbot_name')]",
            "location": "Global",
            "sku": {
                "name": "Premium_AzureFrontDoor"
            },
            "properties": {
                "policySettings": {
                    "enabledState": "Enabled",
                    "mode": "Prevention",
                    "requestBodyCheck": "Enabled"
                },
                "customRules": {
                    "rules": []
                },
                "managedRules": {
                    "managedRuleSets": [
                        {
                            "ruleSetType": "Microsoft_DefaultRuleSet",
                            "ruleSetVersion": "2.0",
                            "ruleSetAction": "Block",
                            "ruleGroupOverrides": [],
                            "exclusions": []
                        },
                        {
                            "ruleSetType": "Microsoft_BotManagerRuleSet",
                            "ruleSetVersion": "1.0",
                            "ruleGroupOverrides": [],
                            "exclusions": []
                        }
                    ]
                }
            }
        },
        {
            "type": "Microsoft.Storage/storageAccounts",
            "apiVersion": "2022-09-01",
            "name": "[parameters('storageAccounts_filesut6hcjo6p6kbm_name')]",
            "location": "westus",
            "tags": {
                "displayName": "storage20201023"
            },
            "sku": {
                "name": "Standard_LRS",
                "tier": "Standard"
            },
            "kind": "StorageV2",
            "properties": {
                "minimumTlsVersion": "TLS1_0",
                "allowBlobPublicAccess": true,
                "networkAcls": {
                    "bypass": "AzureServices",
                    "virtualNetworkRules": [],
                    "ipRules": [],
                    "defaultAction": "Allow"
                },
                "supportsHttpsTrafficOnly": true,
                "encryption": {
                    "services": {
                        "file": {
                            "keyType": "Account",
                            "enabled": true
                        },
                        "blob": {
                            "keyType": "Account",
                            "enabled": true
                        }
                    },
                    "keySource": "Microsoft.Storage"
                },
                "accessTier": "Hot"
            }
        },
        {
            "type": "Microsoft.Storage/storageAccounts",
            "apiVersion": "2022-09-01",
            "name": "[parameters('storageAccounts_sfilesut6hcjo6p6kbm_name')]",
            "location": "westus",
            "tags": {
                "displayName": "storage20201023"
            },
            "sku": {
                "name": "Standard_LRS",
                "tier": "Standard"
            },
            "kind": "StorageV2",
            "properties": {
                "minimumTlsVersion": "TLS1_0",
                "allowBlobPublicAccess": true,
                "networkAcls": {
                    "bypass": "AzureServices",
                    "virtualNetworkRules": [],
                    "ipRules": [],
                    "defaultAction": "Allow"
                },
                "supportsHttpsTrafficOnly": true,
                "encryption": {
                    "services": {
                        "file": {
                            "keyType": "Account",
                            "enabled": true
                        },
                        "blob": {
                            "keyType": "Account",
                            "enabled": true
                        }
                    },
                    "keySource": "Microsoft.Storage"
                },
                "accessTier": "Hot"
            }
        },
        {
            "type": "Microsoft.Web/serverfarms",
            "apiVersion": "2022-09-01",
            "name": "[parameters('serverfarms_appplanut6hcjo6p6kbm_name')]",
            "location": "West US",
            "sku": {
                "name": "P1v2",
                "tier": "PremiumV2",
                "size": "P1v2",
                "family": "Pv2",
                "capacity": 3
            },
            "kind": "linux",
            "properties": {
                "perSiteScaling": false,
                "elasticScaleEnabled": false,
                "maximumElasticWorkerCount": 3,
                "isSpot": false,
                "reserved": true,
                "isXenon": false,
                "hyperV": false,
                "targetWorkerCount": 0,
                "targetWorkerSizeId": 0,
                "zoneRedundant": false
            }
        },
        {
            "type": "Microsoft.Cdn/profiles/afdendpoints",
            "apiVersion": "2022-11-01-preview",
            "name": "[concat(parameters('profiles_frontdoor_profile_name'), '/editor')]",
            "location": "Global",
            "dependsOn": [
                "[resourceId('Microsoft.Cdn/profiles', parameters('profiles_frontdoor_profile_name'))]"
            ],
            "properties": {
                "enabledState": "Enabled"
            }
        },
        {
            "type": "Microsoft.Cdn/profiles/afdendpoints",
            "apiVersion": "2022-11-01-preview",
            "name": "[concat(parameters('profiles_frontdoor_profile_name'), '/publisher')]",
            "location": "Global",
            "dependsOn": [
                "[resourceId('Microsoft.Cdn/profiles', parameters('profiles_frontdoor_profile_name'))]"
            ],
            "properties": {
                "enabledState": "Enabled"
            }
        },
        {
            "type": "Microsoft.Cdn/profiles/origingroups",
            "apiVersion": "2022-11-01-preview",
            "name": "[concat(parameters('profiles_frontdoor_profile_name'), '/default-origin-group')]",
            "dependsOn": [
                "[resourceId('Microsoft.Cdn/profiles', parameters('profiles_frontdoor_profile_name'))]"
            ],
            "properties": {
                "loadBalancingSettings": {
                    "sampleSize": 4,
                    "successfulSamplesRequired": 3,
                    "additionalLatencyInMilliseconds": 50
                },
                "healthProbeSettings": {
                    "probePath": "/",
                    "probeRequestType": "HEAD",
                    "probeProtocol": "Http",
                    "probeIntervalInSeconds": 100
                },
                "sessionAffinityState": "Disabled"
            }
        },
        {
            "type": "Microsoft.Cdn/profiles/origingroups",
            "apiVersion": "2022-11-01-preview",
            "name": "[concat(parameters('profiles_frontdoor_profile_name'), '/editor-origin-group')]",
            "dependsOn": [
                "[resourceId('Microsoft.Cdn/profiles', parameters('profiles_frontdoor_profile_name'))]"
            ],
            "properties": {
                "loadBalancingSettings": {
                    "sampleSize": 4,
                    "successfulSamplesRequired": 3,
                    "additionalLatencyInMilliseconds": 50
                },
                "healthProbeSettings": {
                    "probePath": "/",
                    "probeRequestType": "HEAD",
                    "probeProtocol": "Http",
                    "probeIntervalInSeconds": 100
                },
                "sessionAffinityState": "Enabled"
            }
        },
        {
            "type": "Microsoft.Cdn/profiles/origingroups",
            "apiVersion": "2022-11-01-preview",
            "name": "[concat(parameters('profiles_frontdoor_profile_name'), '/storage-origin-group')]",
            "dependsOn": [
                "[resourceId('Microsoft.Cdn/profiles', parameters('profiles_frontdoor_profile_name'))]"
            ],
            "properties": {
                "loadBalancingSettings": {
                    "sampleSize": 4,
                    "successfulSamplesRequired": 3,
                    "additionalLatencyInMilliseconds": 50
                },
                "healthProbeSettings": {
                    "probePath": "/pub",
                    "probeRequestType": "HEAD",
                    "probeProtocol": "Https",
                    "probeIntervalInSeconds": 100
                },
                "sessionAffinityState": "Disabled"
            }
        },
        {
            "type": "Microsoft.DocumentDB/databaseAccounts",
            "apiVersion": "2023-03-01-preview",
            "name": "[parameters('databaseAccounts_cosmos_ut6hcjo6p6kbm_name')]",
            "location": "West US",
            "dependsOn": [
                "[resourceId('Microsoft.Network/virtualNetworks/subnets', parameters('virtualNetworks_vnetut6hcjo6p6kbm_name'), 'default')]"
            ],
            "kind": "GlobalDocumentDB",
            "identity": {
                "type": "None"
            },
            "properties": {
                "publicNetworkAccess": "Enabled",
                "enableAutomaticFailover": false,
                "enableMultipleWriteLocations": false,
                "isVirtualNetworkFilterEnabled": true,
                "virtualNetworkRules": [
                    {
                        "id": "[resourceId('Microsoft.Network/virtualNetworks/subnets', parameters('virtualNetworks_vnetut6hcjo6p6kbm_name'), 'default')]",
                        "ignoreMissingVNetServiceEndpoint": false
                    }
                ],
                "disableKeyBasedMetadataWriteAccess": false,
                "enableFreeTier": false,
                "enableAnalyticalStorage": false,
                "analyticalStorageConfiguration": {
                    "schemaType": "WellDefined"
                },
                "databaseAccountOfferType": "Standard",
                "enableMaterializedViews": false,
                "defaultIdentity": "FirstPartyIdentity",
                "networkAclBypass": "None",
                "disableLocalAuth": false,
                "enablePartitionMerge": false,
                "enableBurstCapacity": false,
                "minimalTlsVersion": "Tls",
                "consistencyPolicy": {
                    "defaultConsistencyLevel": "Session",
                    "maxIntervalInSeconds": 5,
                    "maxStalenessPrefix": 100
                },
                "locations": [
                    {
                        "locationName": "West US",
                        "provisioningState": "Succeeded",
                        "failoverPriority": 0,
                        "isZoneRedundant": false
                    }
                ],
                "cors": [],
                "capabilities": [
                    {
                        "name": "EnableServerless"
                    }
                ],
                "ipRules": [],
                "backupPolicy": {
                    "type": "Periodic",
                    "periodicModeProperties": {
                        "backupIntervalInMinutes": 240,
                        "backupRetentionIntervalInHours": 8,
                        "backupStorageRedundancy": "Geo"
                    }
                },
                "networkAclBypassResourceIds": [],
                "diagnosticLogSettings": {
                    "enableFullTextQuery": "None"
                },
                "keysMetadata": {}
            }
        },
        {
            "type": "Microsoft.DocumentDB/databaseAccounts/sqlDatabases",
            "apiVersion": "2023-03-01-preview",
            "name": "[concat(parameters('databaseAccounts_cosmos_ut6hcjo6p6kbm_name'), '/CosmosCMS')]",
            "dependsOn": [
                "[resourceId('Microsoft.DocumentDB/databaseAccounts', parameters('databaseAccounts_cosmos_ut6hcjo6p6kbm_name'))]"
            ],
            "properties": {
                "resource": {
                    "id": "CosmosCMS"
                }
            }
        },
        {
            "type": "Microsoft.DocumentDB/databaseAccounts/sqlRoleDefinitions",
            "apiVersion": "2023-03-01-preview",
            "name": "[concat(parameters('databaseAccounts_cosmos_ut6hcjo6p6kbm_name'), '/00000000-0000-0000-0000-000000000001')]",
            "dependsOn": [
                "[resourceId('Microsoft.DocumentDB/databaseAccounts', parameters('databaseAccounts_cosmos_ut6hcjo6p6kbm_name'))]"
            ],
            "properties": {
                "roleName": "Cosmos DB Built-in Data Reader",
                "type": "BuiltInRole",
                "assignableScopes": [
                    "[resourceId('Microsoft.DocumentDB/databaseAccounts', parameters('databaseAccounts_cosmos_ut6hcjo6p6kbm_name'))]"
                ],
                "permissions": [
                    {
                        "dataActions": [
                            "Microsoft.DocumentDB/databaseAccounts/readMetadata",
                            "Microsoft.DocumentDB/databaseAccounts/sqlDatabases/containers/executeQuery",
                            "Microsoft.DocumentDB/databaseAccounts/sqlDatabases/containers/readChangeFeed",
                            "Microsoft.DocumentDB/databaseAccounts/sqlDatabases/containers/items/read"
                        ],
                        "notDataActions": []
                    }
                ]
            }
        },
        {
            "type": "Microsoft.DocumentDB/databaseAccounts/sqlRoleDefinitions",
            "apiVersion": "2023-03-01-preview",
            "name": "[concat(parameters('databaseAccounts_cosmos_ut6hcjo6p6kbm_name'), '/00000000-0000-0000-0000-000000000002')]",
            "dependsOn": [
                "[resourceId('Microsoft.DocumentDB/databaseAccounts', parameters('databaseAccounts_cosmos_ut6hcjo6p6kbm_name'))]"
            ],
            "properties": {
                "roleName": "Cosmos DB Built-in Data Contributor",
                "type": "BuiltInRole",
                "assignableScopes": [
                    "[resourceId('Microsoft.DocumentDB/databaseAccounts', parameters('databaseAccounts_cosmos_ut6hcjo6p6kbm_name'))]"
                ],
                "permissions": [
                    {
                        "dataActions": [
                            "Microsoft.DocumentDB/databaseAccounts/readMetadata",
                            "Microsoft.DocumentDB/databaseAccounts/sqlDatabases/containers/*",
                            "Microsoft.DocumentDB/databaseAccounts/sqlDatabases/containers/items/*"
                        ],
                        "notDataActions": []
                    }
                ]
            }
        },
        {
            "type": "Microsoft.Network/virtualNetworks",
            "apiVersion": "2022-09-01",
            "name": "[parameters('virtualNetworks_vnetut6hcjo6p6kbm_name')]",
            "location": "westus",
            "dependsOn": [
                "[resourceId('Microsoft.Network/virtualNetworks/subnets', parameters('virtualNetworks_vnetut6hcjo6p6kbm_name'), 'default')]"
            ],
            "properties": {
                "addressSpace": {
                    "addressPrefixes": [
                        "10.0.0.0/16"
                    ]
                },
                "subnets": [
                    {
                        "name": "default",
                        "id": "[resourceId('Microsoft.Network/virtualNetworks/subnets', parameters('virtualNetworks_vnetut6hcjo6p6kbm_name'), 'default')]",
                        "properties": {
                            "addressPrefix": "10.0.0.0/24",
                            "serviceEndpoints": [
                                {
                                    "service": "Microsoft.AzureCosmosDB",
                                    "locations": [
                                        "*"
                                    ]
                                }
                            ],
                            "delegations": [
                                {
                                    "name": "delegation",
                                    "id": "[concat(resourceId('Microsoft.Network/virtualNetworks/subnets', parameters('virtualNetworks_vnetut6hcjo6p6kbm_name'), 'default'), '/delegations/delegation')]",
                                    "properties": {
                                        "serviceName": "Microsoft.Web/serverfarms"
                                    },
                                    "type": "Microsoft.Network/virtualNetworks/subnets/delegations"
                                }
                            ],
                            "privateEndpointNetworkPolicies": "Disabled",
                            "privateLinkServiceNetworkPolicies": "Enabled"
                        },
                        "type": "Microsoft.Network/virtualNetworks/subnets"
                    }
                ],
                "virtualNetworkPeerings": [],
                "enableDdosProtection": false
            }
        },
        {
            "type": "Microsoft.Network/virtualNetworks/subnets",
            "apiVersion": "2022-09-01",
            "name": "[concat(parameters('virtualNetworks_vnetut6hcjo6p6kbm_name'), '/default')]",
            "dependsOn": [
                "[resourceId('Microsoft.Network/virtualNetworks', parameters('virtualNetworks_vnetut6hcjo6p6kbm_name'))]"
            ],
            "properties": {
                "addressPrefix": "10.0.0.0/24",
                "serviceEndpoints": [
                    {
                        "service": "Microsoft.AzureCosmosDB",
                        "locations": [
                            "*"
                        ]
                    }
                ],
                "delegations": [
                    {
                        "name": "delegation",
                        "id": "[concat(resourceId('Microsoft.Network/virtualNetworks/subnets', parameters('virtualNetworks_vnetut6hcjo6p6kbm_name'), 'default'), '/delegations/delegation')]",
                        "properties": {
                            "serviceName": "Microsoft.Web/serverfarms"
                        },
                        "type": "Microsoft.Network/virtualNetworks/subnets/delegations"
                    }
                ],
                "privateEndpointNetworkPolicies": "Disabled",
                "privateLinkServiceNetworkPolicies": "Enabled"
            }
        },
        {
            "type": "Microsoft.Storage/storageAccounts/blobServices",
            "apiVersion": "2022-09-01",
            "name": "[concat(parameters('storageAccounts_filesut6hcjo6p6kbm_name'), '/default')]",
            "dependsOn": [
                "[resourceId('Microsoft.Storage/storageAccounts', parameters('storageAccounts_filesut6hcjo6p6kbm_name'))]"
            ],
            "sku": {
                "name": "Standard_LRS",
                "tier": "Standard"
            },
            "properties": {
                "cors": {
                    "corsRules": []
                },
                "deleteRetentionPolicy": {
                    "allowPermanentDelete": false,
                    "enabled": false
                }
            }
        },
        {
            "type": "Microsoft.Storage/storageAccounts/blobServices",
            "apiVersion": "2022-09-01",
            "name": "[concat(parameters('storageAccounts_sfilesut6hcjo6p6kbm_name'), '/default')]",
            "dependsOn": [
                "[resourceId('Microsoft.Storage/storageAccounts', parameters('storageAccounts_sfilesut6hcjo6p6kbm_name'))]"
            ],
            "sku": {
                "name": "Standard_LRS",
                "tier": "Standard"
            },
            "properties": {
                "cors": {
                    "corsRules": []
                },
                "deleteRetentionPolicy": {
                    "allowPermanentDelete": false,
                    "enabled": false
                }
            }
        },
        {
            "type": "Microsoft.Storage/storageAccounts/fileServices",
            "apiVersion": "2022-09-01",
            "name": "[concat(parameters('storageAccounts_filesut6hcjo6p6kbm_name'), '/default')]",
            "dependsOn": [
                "[resourceId('Microsoft.Storage/storageAccounts', parameters('storageAccounts_filesut6hcjo6p6kbm_name'))]"
            ],
            "sku": {
                "name": "Standard_LRS",
                "tier": "Standard"
            },
            "properties": {
                "protocolSettings": {
                    "smb": {}
                },
                "cors": {
                    "corsRules": []
                },
                "shareDeleteRetentionPolicy": {
                    "enabled": true,
                    "days": 7
                }
            }
        },
        {
            "type": "Microsoft.Storage/storageAccounts/fileServices",
            "apiVersion": "2022-09-01",
            "name": "[concat(parameters('storageAccounts_sfilesut6hcjo6p6kbm_name'), '/default')]",
            "dependsOn": [
                "[resourceId('Microsoft.Storage/storageAccounts', parameters('storageAccounts_sfilesut6hcjo6p6kbm_name'))]"
            ],
            "sku": {
                "name": "Standard_LRS",
                "tier": "Standard"
            },
            "properties": {
                "protocolSettings": {
                    "smb": {}
                },
                "cors": {
                    "corsRules": []
                },
                "shareDeleteRetentionPolicy": {
                    "enabled": true,
                    "days": 7
                }
            }
        },
        {
            "type": "Microsoft.Storage/storageAccounts/privateEndpointConnections",
            "apiVersion": "2022-09-01",
            "name": "[concat(parameters('storageAccounts_filesut6hcjo6p6kbm_name'), '/', parameters('storageAccounts_filesut6hcjo6p6kbm_name'), '.017993bd-1556-4ae7-897e-b4899b9d4cc2')]",
            "dependsOn": [
                "[resourceId('Microsoft.Storage/storageAccounts', parameters('storageAccounts_filesut6hcjo6p6kbm_name'))]"
            ],
            "properties": {
                "provisioningState": "Succeeded",
                "privateEndpoint": {},
                "privateLinkServiceConnectionState": {
                    "status": "Approved",
                    "description": "Private link request",
                    "actionRequired": "None"
                }
            }
        },
        {
            "type": "Microsoft.Storage/storageAccounts/queueServices",
            "apiVersion": "2022-09-01",
            "name": "[concat(parameters('storageAccounts_filesut6hcjo6p6kbm_name'), '/default')]",
            "dependsOn": [
                "[resourceId('Microsoft.Storage/storageAccounts', parameters('storageAccounts_filesut6hcjo6p6kbm_name'))]"
            ],
            "properties": {
                "cors": {
                    "corsRules": []
                }
            }
        },
        {
            "type": "Microsoft.Storage/storageAccounts/queueServices",
            "apiVersion": "2022-09-01",
            "name": "[concat(parameters('storageAccounts_sfilesut6hcjo6p6kbm_name'), '/default')]",
            "dependsOn": [
                "[resourceId('Microsoft.Storage/storageAccounts', parameters('storageAccounts_sfilesut6hcjo6p6kbm_name'))]"
            ],
            "properties": {
                "cors": {
                    "corsRules": []
                }
            }
        },
        {
            "type": "Microsoft.Storage/storageAccounts/tableServices",
            "apiVersion": "2022-09-01",
            "name": "[concat(parameters('storageAccounts_filesut6hcjo6p6kbm_name'), '/default')]",
            "dependsOn": [
                "[resourceId('Microsoft.Storage/storageAccounts', parameters('storageAccounts_filesut6hcjo6p6kbm_name'))]"
            ],
            "properties": {
                "cors": {
                    "corsRules": []
                }
            }
        },
        {
            "type": "Microsoft.Storage/storageAccounts/tableServices",
            "apiVersion": "2022-09-01",
            "name": "[concat(parameters('storageAccounts_sfilesut6hcjo6p6kbm_name'), '/default')]",
            "dependsOn": [
                "[resourceId('Microsoft.Storage/storageAccounts', parameters('storageAccounts_sfilesut6hcjo6p6kbm_name'))]"
            ],
            "properties": {
                "cors": {
                    "corsRules": []
                }
            }
        },
        {
            "type": "Microsoft.Web/sites/basicPublishingCredentialsPolicies",
            "apiVersion": "2022-09-01",
            "name": "[concat(parameters('sites_editor_ut6hcjo6p6kbm_name'), '/ftp')]",
            "location": "West US",
            "dependsOn": [
                "[resourceId('Microsoft.Web/sites', parameters('sites_editor_ut6hcjo6p6kbm_name'))]"
            ],
            "properties": {
                "allow": true
            }
        },
        {
            "type": "Microsoft.Web/sites/basicPublishingCredentialsPolicies",
            "apiVersion": "2022-09-01",
            "name": "[concat(parameters('sites_publisher_ut6hcjo6p6kbm_name'), '/ftp')]",
            "location": "West US",
            "dependsOn": [
                "[resourceId('Microsoft.Web/sites', parameters('sites_publisher_ut6hcjo6p6kbm_name'))]"
            ],
            "properties": {
                "allow": true
            }
        },
        {
            "type": "Microsoft.Web/sites/basicPublishingCredentialsPolicies",
            "apiVersion": "2022-09-01",
            "name": "[concat(parameters('sites_editor_ut6hcjo6p6kbm_name'), '/scm')]",
            "location": "West US",
            "dependsOn": [
                "[resourceId('Microsoft.Web/sites', parameters('sites_editor_ut6hcjo6p6kbm_name'))]"
            ],
            "properties": {
                "allow": true
            }
        },
        {
            "type": "Microsoft.Web/sites/basicPublishingCredentialsPolicies",
            "apiVersion": "2022-09-01",
            "name": "[concat(parameters('sites_publisher_ut6hcjo6p6kbm_name'), '/scm')]",
            "location": "West US",
            "dependsOn": [
                "[resourceId('Microsoft.Web/sites', parameters('sites_publisher_ut6hcjo6p6kbm_name'))]"
            ],
            "properties": {
                "allow": true
            }
        },
        {
            "type": "Microsoft.Web/sites/config",
            "apiVersion": "2022-09-01",
            "name": "[concat(parameters('sites_editor_ut6hcjo6p6kbm_name'), '/web')]",
            "location": "West US",
            "dependsOn": [
                "[resourceId('Microsoft.Web/sites', parameters('sites_editor_ut6hcjo6p6kbm_name'))]"
            ],
            "properties": {
                "numberOfWorkers": 1,
                "defaultDocuments": [
                    "Default.htm",
                    "Default.html",
                    "Default.asp",
                    "index.htm",
                    "index.html",
                    "iisstart.htm",
                    "default.aspx",
                    "index.php",
                    "hostingstart.html"
                ],
                "netFrameworkVersion": "v4.0",
                "linuxFxVersion": "DOCKER|moonrise.azurecr.io/cosmos-editor",
                "requestTracingEnabled": false,
                "remoteDebuggingEnabled": false,
                "remoteDebuggingVersion": "VS2019",
                "httpLoggingEnabled": false,
                "acrUseManagedIdentityCreds": false,
                "logsDirectorySizeLimit": 35,
                "detailedErrorLoggingEnabled": false,
                "publishingUsername": "$editor-ut6hcjo6p6kbm",
                "scmType": "None",
                "use32BitWorkerProcess": true,
                "webSocketsEnabled": false,
                "alwaysOn": true,
                "managedPipelineMode": "Integrated",
                "virtualApplications": [
                    {
                        "virtualPath": "/",
                        "physicalPath": "site\\wwwroot",
                        "preloadEnabled": true
                    }
                ],
                "loadBalancing": "LeastRequests",
                "experiments": {
                    "rampUpRules": []
                },
                "autoHealEnabled": false,
                "vnetName": "13e2b626-87f5-432e-8c3a-bb710c3636d2_default",
                "vnetRouteAllEnabled": true,
                "vnetPrivatePortsCount": 0,
                "localMySqlEnabled": false,
                "ipSecurityRestrictions": [
                    {
                        "ipAddress": "Any",
                        "action": "Allow",
                        "priority": 2147483647,
                        "name": "Allow all",
                        "description": "Allow all access"
                    }
                ],
                "scmIpSecurityRestrictions": [
                    {
                        "ipAddress": "Any",
                        "action": "Allow",
                        "priority": 2147483647,
                        "name": "Allow all",
                        "description": "Allow all access"
                    }
                ],
                "scmIpSecurityRestrictionsUseMain": false,
                "http20Enabled": true,
                "minTlsVersion": "1.2",
                "scmMinTlsVersion": "1.2",
                "ftpsState": "Disabled",
                "preWarmedInstanceCount": 0,
                "elasticWebAppScaleLimit": 0,
                "healthCheckPath": "/Identity/Account/Login",
                "functionsRuntimeScaleMonitoringEnabled": false,
                "minimumElasticInstanceCount": 0,
                "azureStorageAccounts": {}
            }
        },
        {
            "type": "Microsoft.Web/sites/config",
            "apiVersion": "2022-09-01",
            "name": "[concat(parameters('sites_publisher_ut6hcjo6p6kbm_name'), '/web')]",
            "location": "West US",
            "dependsOn": [
                "[resourceId('Microsoft.Web/sites', parameters('sites_publisher_ut6hcjo6p6kbm_name'))]"
            ],
            "properties": {
                "numberOfWorkers": 1,
                "defaultDocuments": [
                    "Default.htm",
                    "Default.html",
                    "Default.asp",
                    "index.htm",
                    "index.html",
                    "iisstart.htm",
                    "default.aspx",
                    "index.php",
                    "hostingstart.html"
                ],
                "netFrameworkVersion": "v4.0",
                "linuxFxVersion": "DOCKER|moonrise.azurecr.io/cosmos-publisher",
                "requestTracingEnabled": false,
                "remoteDebuggingEnabled": false,
                "httpLoggingEnabled": false,
                "acrUseManagedIdentityCreds": false,
                "logsDirectorySizeLimit": 35,
                "detailedErrorLoggingEnabled": false,
                "publishingUsername": "$publisher-ut6hcjo6p6kbm",
                "scmType": "None",
                "use32BitWorkerProcess": true,
                "webSocketsEnabled": false,
                "alwaysOn": true,
                "managedPipelineMode": "Integrated",
                "virtualApplications": [
                    {
                        "virtualPath": "/",
                        "physicalPath": "site\\wwwroot",
                        "preloadEnabled": true
                    }
                ],
                "loadBalancing": "LeastRequests",
                "experiments": {
                    "rampUpRules": []
                },
                "autoHealEnabled": false,
                "vnetName": "13e2b626-87f5-432e-8c3a-bb710c3636d2_default",
                "vnetRouteAllEnabled": true,
                "vnetPrivatePortsCount": 0,
                "localMySqlEnabled": false,
                "ipSecurityRestrictions": [
                    {
                        "ipAddress": "Any",
                        "action": "Allow",
                        "priority": 2147483647,
                        "name": "Allow all",
                        "description": "Allow all access"
                    }
                ],
                "scmIpSecurityRestrictions": [
                    {
                        "ipAddress": "Any",
                        "action": "Allow",
                        "priority": 2147483647,
                        "name": "Allow all",
                        "description": "Allow all access"
                    }
                ],
                "scmIpSecurityRestrictionsUseMain": false,
                "http20Enabled": true,
                "minTlsVersion": "1.2",
                "scmMinTlsVersion": "1.2",
                "ftpsState": "AllAllowed",
                "preWarmedInstanceCount": 0,
                "elasticWebAppScaleLimit": 0,
                "healthCheckPath": "/Identity/Account/Login",
                "functionsRuntimeScaleMonitoringEnabled": false,
                "minimumElasticInstanceCount": 0,
                "azureStorageAccounts": {}
            }
        },
        {
            "type": "Microsoft.Web/sites/hostNameBindings",
            "apiVersion": "2022-09-01",
            "name": "[concat(parameters('sites_editor_ut6hcjo6p6kbm_name'), '/', parameters('sites_editor_ut6hcjo6p6kbm_name'), '.azurewebsites.net')]",
            "location": "West US",
            "dependsOn": [
                "[resourceId('Microsoft.Web/sites', parameters('sites_editor_ut6hcjo6p6kbm_name'))]"
            ],
            "properties": {
                "siteName": "editor-ut6hcjo6p6kbm",
                "hostNameType": "Verified"
            }
        },
        {
            "type": "Microsoft.Web/sites/hostNameBindings",
            "apiVersion": "2022-09-01",
            "name": "[concat(parameters('sites_publisher_ut6hcjo6p6kbm_name'), '/', parameters('sites_publisher_ut6hcjo6p6kbm_name'), '.azurewebsites.net')]",
            "location": "West US",
            "dependsOn": [
                "[resourceId('Microsoft.Web/sites', parameters('sites_publisher_ut6hcjo6p6kbm_name'))]"
            ],
            "properties": {
                "siteName": "publisher-ut6hcjo6p6kbm",
                "hostNameType": "Verified"
            }
        },
        {
            "type": "Microsoft.Web/sites/privateEndpointConnections",
            "apiVersion": "2022-09-01",
            "name": "[concat(parameters('sites_publisher_ut6hcjo6p6kbm_name'), '/0fdf7044-154b-45b7-bf73-fe084b00a1af-b7fd2bf0-197e-46cb-a21b-f072dcf22b3f')]",
            "location": "West US",
            "dependsOn": [
                "[resourceId('Microsoft.Web/sites', parameters('sites_publisher_ut6hcjo6p6kbm_name'))]"
            ],
            "properties": {
                "privateLinkServiceConnectionState": {
                    "status": "Approved",
                    "description": "Private link request",
                    "actionsRequired": "None"
                }
            }
        },
        {
            "type": "Microsoft.Web/sites/privateEndpointConnections",
            "apiVersion": "2022-09-01",
            "name": "[concat(parameters('sites_editor_ut6hcjo6p6kbm_name'), '/ded8dbf5-ab34-4fea-96bd-b37cfda6338b-48e32970-4130-421d-9442-906b783f740a')]",
            "location": "West US",
            "dependsOn": [
                "[resourceId('Microsoft.Web/sites', parameters('sites_editor_ut6hcjo6p6kbm_name'))]"
            ],
            "properties": {
                "privateLinkServiceConnectionState": {
                    "status": "Approved",
                    "description": "Private link request",
                    "actionsRequired": "None"
                }
            }
        },
        {
            "type": "Microsoft.Web/sites/snapshots",
            "apiVersion": "2015-08-01",
            "name": "[concat(parameters('sites_editor_ut6hcjo6p6kbm_name'), '/2023-04-21T12_40_11_1943096')]",
            "dependsOn": [
                "[resourceId('Microsoft.Web/sites', parameters('sites_editor_ut6hcjo6p6kbm_name'))]"
            ]
        },
        {
            "type": "Microsoft.Web/sites/snapshots",
            "apiVersion": "2015-08-01",
            "name": "[concat(parameters('sites_publisher_ut6hcjo6p6kbm_name'), '/2023-04-21T12_40_11_1943096')]",
            "dependsOn": [
                "[resourceId('Microsoft.Web/sites', parameters('sites_publisher_ut6hcjo6p6kbm_name'))]"
            ]
        },
        {
            "type": "Microsoft.Web/sites/snapshots",
            "apiVersion": "2015-08-01",
            "name": "[concat(parameters('sites_editor_ut6hcjo6p6kbm_name'), '/2023-04-21T13_40_11_2707527')]",
            "dependsOn": [
                "[resourceId('Microsoft.Web/sites', parameters('sites_editor_ut6hcjo6p6kbm_name'))]"
            ]
        },
        {
            "type": "Microsoft.Web/sites/snapshots",
            "apiVersion": "2015-08-01",
            "name": "[concat(parameters('sites_publisher_ut6hcjo6p6kbm_name'), '/2023-04-21T13_40_11_2707527')]",
            "dependsOn": [
                "[resourceId('Microsoft.Web/sites', parameters('sites_publisher_ut6hcjo6p6kbm_name'))]"
            ]
        },
        {
            "type": "Microsoft.DocumentDB/databaseAccounts/sqlDatabases/containers",
            "apiVersion": "2023-03-01-preview",
            "name": "[concat(parameters('databaseAccounts_cosmos_ut6hcjo6p6kbm_name'), '/CosmosCMS/ArticleCatalog')]",
            "dependsOn": [
                "[resourceId('Microsoft.DocumentDB/databaseAccounts/sqlDatabases', parameters('databaseAccounts_cosmos_ut6hcjo6p6kbm_name'), 'CosmosCMS')]",
                "[resourceId('Microsoft.DocumentDB/databaseAccounts', parameters('databaseAccounts_cosmos_ut6hcjo6p6kbm_name'))]"
            ],
            "properties": {
                "resource": {
                    "id": "ArticleCatalog",
                    "indexingPolicy": {
                        "indexingMode": "consistent",
                        "automatic": true,
                        "includedPaths": [
                            {
                                "path": "/*"
                            }
                        ],
                        "excludedPaths": [
                            {
                                "path": "/\"_etag\"/?"
                            }
                        ]
                    },
                    "partitionKey": {
                        "paths": [
                            "/ArticleNumber"
                        ],
                        "kind": "Hash",
                        "version": 2
                    },
                    "conflictResolutionPolicy": {
                        "mode": "LastWriterWins",
                        "conflictResolutionPath": "/_ts"
                    }
                }
            }
        },
        {
            "type": "Microsoft.DocumentDB/databaseAccounts/sqlDatabases/containers",
            "apiVersion": "2023-03-01-preview",
            "name": "[concat(parameters('databaseAccounts_cosmos_ut6hcjo6p6kbm_name'), '/CosmosCMS/ArticleLocks')]",
            "dependsOn": [
                "[resourceId('Microsoft.DocumentDB/databaseAccounts/sqlDatabases', parameters('databaseAccounts_cosmos_ut6hcjo6p6kbm_name'), 'CosmosCMS')]",
                "[resourceId('Microsoft.DocumentDB/databaseAccounts', parameters('databaseAccounts_cosmos_ut6hcjo6p6kbm_name'))]"
            ],
            "properties": {
                "resource": {
                    "id": "ArticleLocks",
                    "indexingPolicy": {
                        "indexingMode": "consistent",
                        "automatic": true,
                        "includedPaths": [
                            {
                                "path": "/*"
                            }
                        ],
                        "excludedPaths": [
                            {
                                "path": "/\"_etag\"/?"
                            }
                        ]
                    },
                    "partitionKey": {
                        "paths": [
                            "/Id"
                        ],
                        "kind": "Hash",
                        "version": 2
                    },
                    "conflictResolutionPolicy": {
                        "mode": "LastWriterWins",
                        "conflictResolutionPath": "/_ts"
                    }
                }
            }
        },
        {
            "type": "Microsoft.DocumentDB/databaseAccounts/sqlDatabases/containers",
            "apiVersion": "2023-03-01-preview",
            "name": "[concat(parameters('databaseAccounts_cosmos_ut6hcjo6p6kbm_name'), '/CosmosCMS/ArticleLogs')]",
            "dependsOn": [
                "[resourceId('Microsoft.DocumentDB/databaseAccounts/sqlDatabases', parameters('databaseAccounts_cosmos_ut6hcjo6p6kbm_name'), 'CosmosCMS')]",
                "[resourceId('Microsoft.DocumentDB/databaseAccounts', parameters('databaseAccounts_cosmos_ut6hcjo6p6kbm_name'))]"
            ],
            "properties": {
                "resource": {
                    "id": "ArticleLogs",
                    "indexingPolicy": {
                        "indexingMode": "consistent",
                        "automatic": true,
                        "includedPaths": [
                            {
                                "path": "/*"
                            }
                        ],
                        "excludedPaths": [
                            {
                                "path": "/\"_etag\"/?"
                            }
                        ]
                    },
                    "partitionKey": {
                        "paths": [
                            "/Id"
                        ],
                        "kind": "Hash",
                        "version": 2
                    },
                    "conflictResolutionPolicy": {
                        "mode": "LastWriterWins",
                        "conflictResolutionPath": "/_ts"
                    }
                }
            }
        },
        {
            "type": "Microsoft.DocumentDB/databaseAccounts/sqlDatabases/containers",
            "apiVersion": "2023-03-01-preview",
            "name": "[concat(parameters('databaseAccounts_cosmos_ut6hcjo6p6kbm_name'), '/CosmosCMS/ArticleNumber')]",
            "dependsOn": [
                "[resourceId('Microsoft.DocumentDB/databaseAccounts/sqlDatabases', parameters('databaseAccounts_cosmos_ut6hcjo6p6kbm_name'), 'CosmosCMS')]",
                "[resourceId('Microsoft.DocumentDB/databaseAccounts', parameters('databaseAccounts_cosmos_ut6hcjo6p6kbm_name'))]"
            ],
            "properties": {
                "resource": {
                    "id": "ArticleNumber",
                    "indexingPolicy": {
                        "indexingMode": "consistent",
                        "automatic": true,
                        "includedPaths": [
                            {
                                "path": "/*"
                            }
                        ],
                        "excludedPaths": [
                            {
                                "path": "/\"_etag\"/?"
                            }
                        ]
                    },
                    "partitionKey": {
                        "paths": [
                            "/Id"
                        ],
                        "kind": "Hash",
                        "version": 2
                    },
                    "conflictResolutionPolicy": {
                        "mode": "LastWriterWins",
                        "conflictResolutionPath": "/_ts"
                    }
                }
            }
        },
        {
            "type": "Microsoft.DocumentDB/databaseAccounts/sqlDatabases/containers",
            "apiVersion": "2023-03-01-preview",
            "name": "[concat(parameters('databaseAccounts_cosmos_ut6hcjo6p6kbm_name'), '/CosmosCMS/Articles')]",
            "dependsOn": [
                "[resourceId('Microsoft.DocumentDB/databaseAccounts/sqlDatabases', parameters('databaseAccounts_cosmos_ut6hcjo6p6kbm_name'), 'CosmosCMS')]",
                "[resourceId('Microsoft.DocumentDB/databaseAccounts', parameters('databaseAccounts_cosmos_ut6hcjo6p6kbm_name'))]"
            ],
            "properties": {
                "resource": {
                    "id": "Articles",
                    "indexingPolicy": {
                        "indexingMode": "consistent",
                        "automatic": true,
                        "includedPaths": [
                            {
                                "path": "/*"
                            }
                        ],
                        "excludedPaths": [
                            {
                                "path": "/\"_etag\"/?"
                            }
                        ]
                    },
                    "partitionKey": {
                        "paths": [
                            "/ArticleNumber"
                        ],
                        "kind": "Hash",
                        "version": 2
                    },
                    "conflictResolutionPolicy": {
                        "mode": "LastWriterWins",
                        "conflictResolutionPath": "/_ts"
                    }
                }
            }
        },
        {
            "type": "Microsoft.DocumentDB/databaseAccounts/sqlDatabases/containers",
            "apiVersion": "2023-03-01-preview",
            "name": "[concat(parameters('databaseAccounts_cosmos_ut6hcjo6p6kbm_name'), '/CosmosCMS/CosmosCms')]",
            "dependsOn": [
                "[resourceId('Microsoft.DocumentDB/databaseAccounts/sqlDatabases', parameters('databaseAccounts_cosmos_ut6hcjo6p6kbm_name'), 'CosmosCMS')]",
                "[resourceId('Microsoft.DocumentDB/databaseAccounts', parameters('databaseAccounts_cosmos_ut6hcjo6p6kbm_name'))]"
            ],
            "properties": {
                "resource": {
                    "id": "CosmosCms",
                    "indexingPolicy": {
                        "indexingMode": "consistent",
                        "automatic": true,
                        "includedPaths": [
                            {
                                "path": "/*"
                            }
                        ],
                        "excludedPaths": [
                            {
                                "path": "/\"_etag\"/?"
                            }
                        ]
                    },
                    "partitionKey": {
                        "paths": [
                            "/__partitionKey"
                        ],
                        "kind": "Hash",
                        "version": 2
                    },
                    "conflictResolutionPolicy": {
                        "mode": "LastWriterWins",
                        "conflictResolutionPath": "/_ts"
                    }
                }
            }
        },
        {
            "type": "Microsoft.DocumentDB/databaseAccounts/sqlDatabases/containers",
            "apiVersion": "2023-03-01-preview",
            "name": "[concat(parameters('databaseAccounts_cosmos_ut6hcjo6p6kbm_name'), '/CosmosCMS/Identity')]",
            "dependsOn": [
                "[resourceId('Microsoft.DocumentDB/databaseAccounts/sqlDatabases', parameters('databaseAccounts_cosmos_ut6hcjo6p6kbm_name'), 'CosmosCMS')]",
                "[resourceId('Microsoft.DocumentDB/databaseAccounts', parameters('databaseAccounts_cosmos_ut6hcjo6p6kbm_name'))]"
            ],
            "properties": {
                "resource": {
                    "id": "Identity",
                    "indexingPolicy": {
                        "indexingMode": "consistent",
                        "automatic": true,
                        "includedPaths": [
                            {
                                "path": "/*"
                            }
                        ],
                        "excludedPaths": [
                            {
                                "path": "/\"_etag\"/?"
                            }
                        ]
                    },
                    "partitionKey": {
                        "paths": [
                            "/Id"
                        ],
                        "kind": "Hash",
                        "version": 2
                    },
                    "conflictResolutionPolicy": {
                        "mode": "LastWriterWins",
                        "conflictResolutionPath": "/_ts"
                    }
                }
            }
        },
        {
            "type": "Microsoft.DocumentDB/databaseAccounts/sqlDatabases/containers",
            "apiVersion": "2023-03-01-preview",
            "name": "[concat(parameters('databaseAccounts_cosmos_ut6hcjo6p6kbm_name'), '/CosmosCMS/Identity_DeviceFlowCodes')]",
            "dependsOn": [
                "[resourceId('Microsoft.DocumentDB/databaseAccounts/sqlDatabases', parameters('databaseAccounts_cosmos_ut6hcjo6p6kbm_name'), 'CosmosCMS')]",
                "[resourceId('Microsoft.DocumentDB/databaseAccounts', parameters('databaseAccounts_cosmos_ut6hcjo6p6kbm_name'))]"
            ],
            "properties": {
                "resource": {
                    "id": "Identity_DeviceFlowCodes",
                    "indexingPolicy": {
                        "indexingMode": "consistent",
                        "automatic": true,
                        "includedPaths": [
                            {
                                "path": "/*"
                            }
                        ],
                        "excludedPaths": [
                            {
                                "path": "/\"_etag\"/?"
                            }
                        ]
                    },
                    "partitionKey": {
                        "paths": [
                            "/SessionId"
                        ],
                        "kind": "Hash",
                        "version": 2
                    },
                    "conflictResolutionPolicy": {
                        "mode": "LastWriterWins",
                        "conflictResolutionPath": "/_ts"
                    }
                }
            }
        },
        {
            "type": "Microsoft.DocumentDB/databaseAccounts/sqlDatabases/containers",
            "apiVersion": "2023-03-01-preview",
            "name": "[concat(parameters('databaseAccounts_cosmos_ut6hcjo6p6kbm_name'), '/CosmosCMS/Identity_Logins')]",
            "dependsOn": [
                "[resourceId('Microsoft.DocumentDB/databaseAccounts/sqlDatabases', parameters('databaseAccounts_cosmos_ut6hcjo6p6kbm_name'), 'CosmosCMS')]",
                "[resourceId('Microsoft.DocumentDB/databaseAccounts', parameters('databaseAccounts_cosmos_ut6hcjo6p6kbm_name'))]"
            ],
            "properties": {
                "resource": {
                    "id": "Identity_Logins",
                    "indexingPolicy": {
                        "indexingMode": "consistent",
                        "automatic": true,
                        "includedPaths": [
                            {
                                "path": "/*"
                            }
                        ],
                        "excludedPaths": [
                            {
                                "path": "/\"_etag\"/?"
                            }
                        ]
                    },
                    "partitionKey": {
                        "paths": [
                            "/ProviderKey"
                        ],
                        "kind": "Hash",
                        "version": 2
                    },
                    "conflictResolutionPolicy": {
                        "mode": "LastWriterWins",
                        "conflictResolutionPath": "/_ts"
                    }
                }
            }
        },
        {
            "type": "Microsoft.DocumentDB/databaseAccounts/sqlDatabases/containers",
            "apiVersion": "2023-03-01-preview",
            "name": "[concat(parameters('databaseAccounts_cosmos_ut6hcjo6p6kbm_name'), '/CosmosCMS/Identity_PersistedGrant')]",
            "dependsOn": [
                "[resourceId('Microsoft.DocumentDB/databaseAccounts/sqlDatabases', parameters('databaseAccounts_cosmos_ut6hcjo6p6kbm_name'), 'CosmosCMS')]",
                "[resourceId('Microsoft.DocumentDB/databaseAccounts', parameters('databaseAccounts_cosmos_ut6hcjo6p6kbm_name'))]"
            ],
            "properties": {
                "resource": {
                    "id": "Identity_PersistedGrant",
                    "indexingPolicy": {
                        "indexingMode": "consistent",
                        "automatic": true,
                        "includedPaths": [
                            {
                                "path": "/*"
                            }
                        ],
                        "excludedPaths": [
                            {
                                "path": "/\"_etag\"/?"
                            }
                        ]
                    },
                    "partitionKey": {
                        "paths": [
                            "/Key"
                        ],
                        "kind": "Hash",
                        "version": 2
                    },
                    "conflictResolutionPolicy": {
                        "mode": "LastWriterWins",
                        "conflictResolutionPath": "/_ts"
                    }
                }
            }
        },
        {
            "type": "Microsoft.DocumentDB/databaseAccounts/sqlDatabases/containers",
            "apiVersion": "2023-03-01-preview",
            "name": "[concat(parameters('databaseAccounts_cosmos_ut6hcjo6p6kbm_name'), '/CosmosCMS/Identity_Roles')]",
            "dependsOn": [
                "[resourceId('Microsoft.DocumentDB/databaseAccounts/sqlDatabases', parameters('databaseAccounts_cosmos_ut6hcjo6p6kbm_name'), 'CosmosCMS')]",
                "[resourceId('Microsoft.DocumentDB/databaseAccounts', parameters('databaseAccounts_cosmos_ut6hcjo6p6kbm_name'))]"
            ],
            "properties": {
                "resource": {
                    "id": "Identity_Roles",
                    "indexingPolicy": {
                        "indexingMode": "consistent",
                        "automatic": true,
                        "includedPaths": [
                            {
                                "path": "/*"
                            }
                        ],
                        "excludedPaths": [
                            {
                                "path": "/\"_etag\"/?"
                            }
                        ]
                    },
                    "partitionKey": {
                        "paths": [
                            "/Id"
                        ],
                        "kind": "Hash",
                        "version": 2
                    },
                    "conflictResolutionPolicy": {
                        "mode": "LastWriterWins",
                        "conflictResolutionPath": "/_ts"
                    }
                }
            }
        },
        {
            "type": "Microsoft.DocumentDB/databaseAccounts/sqlDatabases/containers",
            "apiVersion": "2023-03-01-preview",
            "name": "[concat(parameters('databaseAccounts_cosmos_ut6hcjo6p6kbm_name'), '/CosmosCMS/Identity_Tokens')]",
            "dependsOn": [
                "[resourceId('Microsoft.DocumentDB/databaseAccounts/sqlDatabases', parameters('databaseAccounts_cosmos_ut6hcjo6p6kbm_name'), 'CosmosCMS')]",
                "[resourceId('Microsoft.DocumentDB/databaseAccounts', parameters('databaseAccounts_cosmos_ut6hcjo6p6kbm_name'))]"
            ],
            "properties": {
                "resource": {
                    "id": "Identity_Tokens",
                    "indexingPolicy": {
                        "indexingMode": "consistent",
                        "automatic": true,
                        "includedPaths": [
                            {
                                "path": "/*"
                            }
                        ],
                        "excludedPaths": [
                            {
                                "path": "/\"_etag\"/?"
                            }
                        ]
                    },
                    "partitionKey": {
                        "paths": [
                            "/UserId"
                        ],
                        "kind": "Hash",
                        "version": 2
                    },
                    "conflictResolutionPolicy": {
                        "mode": "LastWriterWins",
                        "conflictResolutionPath": "/_ts"
                    }
                }
            }
        },
        {
            "type": "Microsoft.DocumentDB/databaseAccounts/sqlDatabases/containers",
            "apiVersion": "2023-03-01-preview",
            "name": "[concat(parameters('databaseAccounts_cosmos_ut6hcjo6p6kbm_name'), '/CosmosCMS/Identity_UserRoles')]",
            "dependsOn": [
                "[resourceId('Microsoft.DocumentDB/databaseAccounts/sqlDatabases', parameters('databaseAccounts_cosmos_ut6hcjo6p6kbm_name'), 'CosmosCMS')]",
                "[resourceId('Microsoft.DocumentDB/databaseAccounts', parameters('databaseAccounts_cosmos_ut6hcjo6p6kbm_name'))]"
            ],
            "properties": {
                "resource": {
                    "id": "Identity_UserRoles",
                    "indexingPolicy": {
                        "indexingMode": "consistent",
                        "automatic": true,
                        "includedPaths": [
                            {
                                "path": "/*"
                            }
                        ],
                        "excludedPaths": [
                            {
                                "path": "/\"_etag\"/?"
                            }
                        ]
                    },
                    "partitionKey": {
                        "paths": [
                            "/UserId"
                        ],
                        "kind": "Hash",
                        "version": 2
                    },
                    "conflictResolutionPolicy": {
                        "mode": "LastWriterWins",
                        "conflictResolutionPath": "/_ts"
                    }
                }
            }
        },
        {
            "type": "Microsoft.DocumentDB/databaseAccounts/sqlDatabases/containers",
            "apiVersion": "2023-03-01-preview",
            "name": "[concat(parameters('databaseAccounts_cosmos_ut6hcjo6p6kbm_name'), '/CosmosCMS/Layouts')]",
            "dependsOn": [
                "[resourceId('Microsoft.DocumentDB/databaseAccounts/sqlDatabases', parameters('databaseAccounts_cosmos_ut6hcjo6p6kbm_name'), 'CosmosCMS')]",
                "[resourceId('Microsoft.DocumentDB/databaseAccounts', parameters('databaseAccounts_cosmos_ut6hcjo6p6kbm_name'))]"
            ],
            "properties": {
                "resource": {
                    "id": "Layouts",
                    "indexingPolicy": {
                        "indexingMode": "consistent",
                        "automatic": true,
                        "includedPaths": [
                            {
                                "path": "/*"
                            }
                        ],
                        "excludedPaths": [
                            {
                                "path": "/\"_etag\"/?"
                            }
                        ]
                    },
                    "partitionKey": {
                        "paths": [
                            "/Id"
                        ],
                        "kind": "Hash",
                        "version": 2
                    },
                    "conflictResolutionPolicy": {
                        "mode": "LastWriterWins",
                        "conflictResolutionPath": "/_ts"
                    }
                }
            }
        },
        {
            "type": "Microsoft.DocumentDB/databaseAccounts/sqlDatabases/containers",
            "apiVersion": "2023-03-01-preview",
            "name": "[concat(parameters('databaseAccounts_cosmos_ut6hcjo6p6kbm_name'), '/CosmosCMS/Pages')]",
            "dependsOn": [
                "[resourceId('Microsoft.DocumentDB/databaseAccounts/sqlDatabases', parameters('databaseAccounts_cosmos_ut6hcjo6p6kbm_name'), 'CosmosCMS')]",
                "[resourceId('Microsoft.DocumentDB/databaseAccounts', parameters('databaseAccounts_cosmos_ut6hcjo6p6kbm_name'))]"
            ],
            "properties": {
                "resource": {
                    "id": "Pages",
                    "indexingPolicy": {
                        "indexingMode": "consistent",
                        "automatic": true,
                        "includedPaths": [
                            {
                                "path": "/*"
                            }
                        ],
                        "excludedPaths": [
                            {
                                "path": "/\"_etag\"/?"
                            }
                        ]
                    },
                    "partitionKey": {
                        "paths": [
                            "/UrlPath"
                        ],
                        "kind": "Hash",
                        "version": 2
                    },
                    "conflictResolutionPolicy": {
                        "mode": "LastWriterWins",
                        "conflictResolutionPath": "/_ts"
                    }
                }
            }
        },
        {
            "type": "Microsoft.DocumentDB/databaseAccounts/sqlDatabases/containers",
            "apiVersion": "2023-03-01-preview",
            "name": "[concat(parameters('databaseAccounts_cosmos_ut6hcjo6p6kbm_name'), '/CosmosCMS/Settings')]",
            "dependsOn": [
                "[resourceId('Microsoft.DocumentDB/databaseAccounts/sqlDatabases', parameters('databaseAccounts_cosmos_ut6hcjo6p6kbm_name'), 'CosmosCMS')]",
                "[resourceId('Microsoft.DocumentDB/databaseAccounts', parameters('databaseAccounts_cosmos_ut6hcjo6p6kbm_name'))]"
            ],
            "properties": {
                "resource": {
                    "id": "Settings",
                    "indexingPolicy": {
                        "indexingMode": "consistent",
                        "automatic": true,
                        "includedPaths": [
                            {
                                "path": "/*"
                            }
                        ],
                        "excludedPaths": [
                            {
                                "path": "/\"_etag\"/?"
                            }
                        ]
                    },
                    "partitionKey": {
                        "paths": [
                            "/Id"
                        ],
                        "kind": "Hash",
                        "version": 2
                    },
                    "conflictResolutionPolicy": {
                        "mode": "LastWriterWins",
                        "conflictResolutionPath": "/_ts"
                    }
                }
            }
        },
        {
            "type": "Microsoft.DocumentDB/databaseAccounts/sqlDatabases/containers",
            "apiVersion": "2023-03-01-preview",
            "name": "[concat(parameters('databaseAccounts_cosmos_ut6hcjo6p6kbm_name'), '/CosmosCMS/Templates')]",
            "dependsOn": [
                "[resourceId('Microsoft.DocumentDB/databaseAccounts/sqlDatabases', parameters('databaseAccounts_cosmos_ut6hcjo6p6kbm_name'), 'CosmosCMS')]",
                "[resourceId('Microsoft.DocumentDB/databaseAccounts', parameters('databaseAccounts_cosmos_ut6hcjo6p6kbm_name'))]"
            ],
            "properties": {
                "resource": {
                    "id": "Templates",
                    "indexingPolicy": {
                        "indexingMode": "consistent",
                        "automatic": true,
                        "includedPaths": [
                            {
                                "path": "/*"
                            }
                        ],
                        "excludedPaths": [
                            {
                                "path": "/\"_etag\"/?"
                            }
                        ]
                    },
                    "partitionKey": {
                        "paths": [
                            "/Id"
                        ],
                        "kind": "Hash",
                        "version": 2
                    },
                    "conflictResolutionPolicy": {
                        "mode": "LastWriterWins",
                        "conflictResolutionPath": "/_ts"
                    }
                }
            }
        },
        {
            "type": "Microsoft.Storage/storageAccounts/blobServices/containers",
            "apiVersion": "2022-09-01",
            "name": "[concat(parameters('storageAccounts_filesut6hcjo6p6kbm_name'), '/default/$web')]",
            "dependsOn": [
                "[resourceId('Microsoft.Storage/storageAccounts/blobServices', parameters('storageAccounts_filesut6hcjo6p6kbm_name'), 'default')]",
                "[resourceId('Microsoft.Storage/storageAccounts', parameters('storageAccounts_filesut6hcjo6p6kbm_name'))]"
            ],
            "properties": {
                "immutableStorageWithVersioning": {
                    "enabled": false
                },
                "defaultEncryptionScope": "$account-encryption-key",
                "denyEncryptionScopeOverride": false,
                "publicAccess": "None"
            }
        },
        {
            "type": "Microsoft.Storage/storageAccounts/fileServices/shares",
            "apiVersion": "2022-09-01",
            "name": "[concat(parameters('storageAccounts_filesut6hcjo6p6kbm_name'), '/default/ccmsshare')]",
            "dependsOn": [
                "[resourceId('Microsoft.Storage/storageAccounts/fileServices', parameters('storageAccounts_filesut6hcjo6p6kbm_name'), 'default')]",
                "[resourceId('Microsoft.Storage/storageAccounts', parameters('storageAccounts_filesut6hcjo6p6kbm_name'))]"
            ],
            "properties": {
                "accessTier": "TransactionOptimized",
                "shareQuota": 5120,
                "enabledProtocols": "SMB"
            }
        },
        {
            "type": "Microsoft.Storage/storageAccounts/fileServices/shares",
            "apiVersion": "2022-09-01",
            "name": "[concat(parameters('storageAccounts_sfilesut6hcjo6p6kbm_name'), '/default/ccmsshare')]",
            "dependsOn": [
                "[resourceId('Microsoft.Storage/storageAccounts/fileServices', parameters('storageAccounts_sfilesut6hcjo6p6kbm_name'), 'default')]",
                "[resourceId('Microsoft.Storage/storageAccounts', parameters('storageAccounts_sfilesut6hcjo6p6kbm_name'))]"
            ],
            "properties": {
                "accessTier": "TransactionOptimized",
                "shareQuota": 5120,
                "enabledProtocols": "SMB"
            }
        },
        {
            "type": "Microsoft.Web/sites",
            "apiVersion": "2022-09-01",
            "name": "[parameters('sites_editor_ut6hcjo6p6kbm_name')]",
            "location": "West US",
            "dependsOn": [
                "[resourceId('Microsoft.Web/serverfarms', parameters('serverfarms_appplanut6hcjo6p6kbm_name'))]",
                "[resourceId('Microsoft.Network/virtualNetworks/subnets', parameters('virtualNetworks_vnetut6hcjo6p6kbm_name'), 'default')]"
            ],
            "kind": "app,linux,container",
            "properties": {
                "enabled": true,
                "hostNameSslStates": [
                    {
                        "name": "[concat(parameters('sites_editor_ut6hcjo6p6kbm_name'), '.azurewebsites.net')]",
                        "sslState": "Disabled",
                        "hostType": "Standard"
                    },
                    {
                        "name": "[concat(parameters('sites_editor_ut6hcjo6p6kbm_name'), '.scm.azurewebsites.net')]",
                        "sslState": "Disabled",
                        "hostType": "Repository"
                    }
                ],
                "serverFarmId": "[resourceId('Microsoft.Web/serverfarms', parameters('serverfarms_appplanut6hcjo6p6kbm_name'))]",
                "reserved": true,
                "isXenon": false,
                "hyperV": false,
                "vnetRouteAllEnabled": true,
                "vnetImagePullEnabled": false,
                "vnetContentShareEnabled": false,
                "siteConfig": {
                    "numberOfWorkers": 1,
                    "linuxFxVersion": "DOCKER|moonrise.azurecr.io/cosmos-editor",
                    "acrUseManagedIdentityCreds": false,
                    "alwaysOn": true,
                    "http20Enabled": true,
                    "functionAppScaleLimit": 0,
                    "minimumElasticInstanceCount": 0
                },
                "scmSiteAlsoStopped": false,
                "clientAffinityEnabled": true,
                "clientCertEnabled": false,
                "clientCertMode": "Required",
                "hostNamesDisabled": false,
                "customDomainVerificationId": "580A0B7651119CBF7CCB78F24346C58891B2E7DA9F565D6D87E6F6A45E89DE93",
                "containerSize": 0,
                "dailyMemoryTimeQuota": 0,
                "httpsOnly": true,
                "redundancyMode": "None",
                "storageAccountRequired": false,
                "virtualNetworkSubnetId": "[resourceId('Microsoft.Network/virtualNetworks/subnets', parameters('virtualNetworks_vnetut6hcjo6p6kbm_name'), 'default')]",
                "keyVaultReferenceIdentity": "SystemAssigned"
            }
        },
        {
            "type": "Microsoft.Web/sites",
            "apiVersion": "2022-09-01",
            "name": "[parameters('sites_publisher_ut6hcjo6p6kbm_name')]",
            "location": "West US",
            "dependsOn": [
                "[resourceId('Microsoft.Web/serverfarms', parameters('serverfarms_appplanut6hcjo6p6kbm_name'))]",
                "[resourceId('Microsoft.Network/virtualNetworks/subnets', parameters('virtualNetworks_vnetut6hcjo6p6kbm_name'), 'default')]"
            ],
            "kind": "app,linux,container",
            "properties": {
                "enabled": true,
                "hostNameSslStates": [
                    {
                        "name": "[concat(parameters('sites_publisher_ut6hcjo6p6kbm_name'), '.azurewebsites.net')]",
                        "sslState": "Disabled",
                        "hostType": "Standard"
                    },
                    {
                        "name": "[concat(parameters('sites_publisher_ut6hcjo6p6kbm_name'), '.scm.azurewebsites.net')]",
                        "sslState": "Disabled",
                        "hostType": "Repository"
                    }
                ],
                "serverFarmId": "[resourceId('Microsoft.Web/serverfarms', parameters('serverfarms_appplanut6hcjo6p6kbm_name'))]",
                "reserved": true,
                "isXenon": false,
                "hyperV": false,
                "vnetRouteAllEnabled": true,
                "vnetImagePullEnabled": false,
                "vnetContentShareEnabled": false,
                "siteConfig": {
                    "numberOfWorkers": 1,
                    "linuxFxVersion": "DOCKER|moonrise.azurecr.io/cosmos-publisher",
                    "acrUseManagedIdentityCreds": false,
                    "alwaysOn": true,
                    "http20Enabled": true,
                    "functionAppScaleLimit": 0,
                    "minimumElasticInstanceCount": 0
                },
                "scmSiteAlsoStopped": false,
                "clientAffinityEnabled": true,
                "clientCertEnabled": false,
                "clientCertMode": "Required",
                "hostNamesDisabled": false,
                "customDomainVerificationId": "580A0B7651119CBF7CCB78F24346C58891B2E7DA9F565D6D87E6F6A45E89DE93",
                "containerSize": 0,
                "dailyMemoryTimeQuota": 0,
                "httpsOnly": false,
                "redundancyMode": "None",
                "storageAccountRequired": false,
                "virtualNetworkSubnetId": "[resourceId('Microsoft.Network/virtualNetworks/subnets', parameters('virtualNetworks_vnetut6hcjo6p6kbm_name'), 'default')]",
                "keyVaultReferenceIdentity": "SystemAssigned"
            }
        },
        {
            "type": "Microsoft.Web/sites/virtualNetworkConnections",
            "apiVersion": "2022-09-01",
            "name": "[concat(parameters('sites_editor_ut6hcjo6p6kbm_name'), '/13e2b626-87f5-432e-8c3a-bb710c3636d2_default')]",
            "location": "West US",
            "dependsOn": [
                "[resourceId('Microsoft.Web/sites', parameters('sites_editor_ut6hcjo6p6kbm_name'))]",
                "[resourceId('Microsoft.Network/virtualNetworks/subnets', parameters('virtualNetworks_vnetut6hcjo6p6kbm_name'), 'default')]"
            ],
            "properties": {
                "vnetResourceId": "[resourceId('Microsoft.Network/virtualNetworks/subnets', parameters('virtualNetworks_vnetut6hcjo6p6kbm_name'), 'default')]",
                "isSwift": true
            }
        },
        {
            "type": "Microsoft.Web/sites/virtualNetworkConnections",
            "apiVersion": "2022-09-01",
            "name": "[concat(parameters('sites_publisher_ut6hcjo6p6kbm_name'), '/13e2b626-87f5-432e-8c3a-bb710c3636d2_default')]",
            "location": "West US",
            "dependsOn": [
                "[resourceId('Microsoft.Web/sites', parameters('sites_publisher_ut6hcjo6p6kbm_name'))]",
                "[resourceId('Microsoft.Network/virtualNetworks/subnets', parameters('virtualNetworks_vnetut6hcjo6p6kbm_name'), 'default')]"
            ],
            "properties": {
                "vnetResourceId": "[resourceId('Microsoft.Network/virtualNetworks/subnets', parameters('virtualNetworks_vnetut6hcjo6p6kbm_name'), 'default')]",
                "isSwift": true
            }
        },
        {
            "type": "Microsoft.Cdn/profiles/afdendpoints/routes",
            "apiVersion": "2022-11-01-preview",
            "name": "[concat(parameters('profiles_frontdoor_profile_name'), '/publisher/default-route')]",
            "dependsOn": [
                "[resourceId('Microsoft.Cdn/profiles/afdendpoints', parameters('profiles_frontdoor_profile_name'), 'publisher')]",
                "[resourceId('Microsoft.Cdn/profiles', parameters('profiles_frontdoor_profile_name'))]",
                "[resourceId('Microsoft.Cdn/profiles/origingroups', parameters('profiles_frontdoor_profile_name'), 'default-origin-group')]"
            ],
            "properties": {
                "customDomains": [],
                "originGroup": {
                    "id": "[resourceId('Microsoft.Cdn/profiles/origingroups', parameters('profiles_frontdoor_profile_name'), 'default-origin-group')]"
                },
                "ruleSets": [],
                "supportedProtocols": [
                    "Http",
                    "Https"
                ],
                "patternsToMatch": [
                    "/*"
                ],
                "forwardingProtocol": "MatchRequest",
                "linkToDefaultDomain": "Enabled",
                "httpsRedirect": "Enabled",
                "enabledState": "Enabled"
            }
        },
        {
            "type": "Microsoft.Cdn/profiles/afdendpoints/routes",
            "apiVersion": "2022-11-01-preview",
            "name": "[concat(parameters('profiles_frontdoor_profile_name'), '/editor/editor-route')]",
            "dependsOn": [
                "[resourceId('Microsoft.Cdn/profiles/afdendpoints', parameters('profiles_frontdoor_profile_name'), 'editor')]",
                "[resourceId('Microsoft.Cdn/profiles', parameters('profiles_frontdoor_profile_name'))]",
                "[resourceId('Microsoft.Cdn/profiles/origingroups', parameters('profiles_frontdoor_profile_name'), 'editor-origin-group')]"
            ],
            "properties": {
                "customDomains": [],
                "originGroup": {
                    "id": "[resourceId('Microsoft.Cdn/profiles/origingroups', parameters('profiles_frontdoor_profile_name'), 'editor-origin-group')]"
                },
                "ruleSets": [],
                "supportedProtocols": [
                    "Http",
                    "Https"
                ],
                "patternsToMatch": [
                    "/*"
                ],
                "forwardingProtocol": "MatchRequest",
                "linkToDefaultDomain": "Enabled",
                "httpsRedirect": "Enabled",
                "enabledState": "Enabled"
            }
        },
        {
            "type": "Microsoft.Cdn/profiles/afdendpoints/routes",
            "apiVersion": "2022-11-01-preview",
            "name": "[concat(parameters('profiles_frontdoor_profile_name'), '/publisher/publisher-storage-route')]",
            "dependsOn": [
                "[resourceId('Microsoft.Cdn/profiles/afdendpoints', parameters('profiles_frontdoor_profile_name'), 'publisher')]",
                "[resourceId('Microsoft.Cdn/profiles', parameters('profiles_frontdoor_profile_name'))]",
                "[resourceId('Microsoft.Cdn/profiles/origingroups', parameters('profiles_frontdoor_profile_name'), 'storage-origin-group')]"
            ],
            "properties": {
                "customDomains": [],
                "originGroup": {
                    "id": "[resourceId('Microsoft.Cdn/profiles/origingroups', parameters('profiles_frontdoor_profile_name'), 'storage-origin-group')]"
                },
                "ruleSets": [],
                "supportedProtocols": [
                    "Http",
                    "Https"
                ],
                "patternsToMatch": [
                    "/pub/*"
                ],
                "forwardingProtocol": "MatchRequest",
                "linkToDefaultDomain": "Enabled",
                "httpsRedirect": "Enabled",
                "enabledState": "Enabled"
            }
        },
        {
            "type": "Microsoft.Cdn/profiles/origingroups/origins",
            "apiVersion": "2022-11-01-preview",
            "name": "[concat(parameters('profiles_frontdoor_profile_name'), '/default-origin-group/default-origin')]",
            "dependsOn": [
                "[resourceId('Microsoft.Cdn/profiles/origingroups', parameters('profiles_frontdoor_profile_name'), 'default-origin-group')]",
                "[resourceId('Microsoft.Cdn/profiles', parameters('profiles_frontdoor_profile_name'))]",
                "[resourceId('Microsoft.Web/sites', parameters('sites_publisher_ut6hcjo6p6kbm_name'))]"
            ],
            "properties": {
                "hostName": "publisher-ut6hcjo6p6kbm.azurewebsites.net",
                "httpPort": 80,
                "httpsPort": 443,
                "originHostHeader": "publisher-ut6hcjo6p6kbm.azurewebsites.net",
                "priority": 1,
                "weight": 1000,
                "enabledState": "Enabled",
                "sharedPrivateLinkResource": {
                    "privateLink": {
                        "id": "[resourceId('Microsoft.Web/sites', parameters('sites_publisher_ut6hcjo6p6kbm_name'))]"
                    },
                    "groupId": "sites",
                    "privateLinkLocation": "westus3",
                    "requestMessage": "Private link request"
                },
                "enforceCertificateNameCheck": true
            }
        },
        {
            "type": "Microsoft.Cdn/profiles/origingroups/origins",
            "apiVersion": "2022-11-01-preview",
            "name": "[concat(parameters('profiles_frontdoor_profile_name'), '/editor-origin-group/editor-origin')]",
            "dependsOn": [
                "[resourceId('Microsoft.Cdn/profiles/origingroups', parameters('profiles_frontdoor_profile_name'), 'editor-origin-group')]",
                "[resourceId('Microsoft.Cdn/profiles', parameters('profiles_frontdoor_profile_name'))]",
                "[resourceId('Microsoft.Web/sites', parameters('sites_editor_ut6hcjo6p6kbm_name'))]"
            ],
            "properties": {
                "hostName": "editor-ut6hcjo6p6kbm.azurewebsites.net",
                "httpPort": 80,
                "httpsPort": 443,
                "originHostHeader": "editor-ut6hcjo6p6kbm.azurewebsites.net",
                "priority": 1,
                "weight": 1000,
                "enabledState": "Enabled",
                "sharedPrivateLinkResource": {
                    "privateLink": {
                        "id": "[resourceId('Microsoft.Web/sites', parameters('sites_editor_ut6hcjo6p6kbm_name'))]"
                    },
                    "groupId": "sites",
                    "privateLinkLocation": "westus3",
                    "requestMessage": "Private link request"
                },
                "enforceCertificateNameCheck": true
            }
        },
        {
            "type": "Microsoft.Cdn/profiles/origingroups/origins",
            "apiVersion": "2022-11-01-preview",
            "name": "[concat(parameters('profiles_frontdoor_profile_name'), '/storage-origin-group/static-website-storage-account')]",
            "dependsOn": [
                "[resourceId('Microsoft.Cdn/profiles/origingroups', parameters('profiles_frontdoor_profile_name'), 'storage-origin-group')]",
                "[resourceId('Microsoft.Cdn/profiles', parameters('profiles_frontdoor_profile_name'))]",
                "[resourceId('Microsoft.Storage/storageAccounts', parameters('storageAccounts_filesut6hcjo6p6kbm_name'))]"
            ],
            "properties": {
                "hostName": "filesut6hcjo6p6kbm.z22.web.core.windows.net",
                "httpPort": 80,
                "httpsPort": 443,
                "originHostHeader": "filesut6hcjo6p6kbm.z22.web.core.windows.net",
                "priority": 1,
                "weight": 1000,
                "enabledState": "Enabled",
                "sharedPrivateLinkResource": {
                    "privateLink": {
                        "id": "[resourceId('Microsoft.Storage/storageAccounts', parameters('storageAccounts_filesut6hcjo6p6kbm_name'))]"
                    },
                    "groupId": "web",
                    "privateLinkLocation": "westus3",
                    "requestMessage": "Private link request"
                },
                "enforceCertificateNameCheck": true
            }
        },
        {
            "type": "Microsoft.Cdn/profiles/securitypolicies",
            "apiVersion": "2022-11-01-preview",
            "name": "[concat(parameters('profiles_frontdoor_profile_name'), '/allon-policy')]",
            "dependsOn": [
                "[resourceId('Microsoft.Cdn/profiles', parameters('profiles_frontdoor_profile_name'))]",
                "[resourceId('Microsoft.Network/frontdoorwebapplicationfirewallpolicies', parameters('frontdoorwebapplicationfirewallpolicies_allon_name'))]",
                "[resourceId('Microsoft.Cdn/profiles/afdendpoints', parameters('profiles_frontdoor_profile_name'), 'editor')]"
            ],
            "properties": {
                "parameters": {
                    "wafPolicy": {
                        "id": "[resourceId('Microsoft.Network/frontdoorwebapplicationfirewallpolicies', parameters('frontdoorwebapplicationfirewallpolicies_allon_name'))]"
                    },
                    "associations": [
                        {
                            "domains": [
                                {
                                    "id": "[resourceId('Microsoft.Cdn/profiles/afdendpoints', parameters('profiles_frontdoor_profile_name'), 'editor')]"
                                }
                            ],
                            "patternsToMatch": [
                                "/*"
                            ]
                        }
                    ],
                    "type": "WebApplicationFirewall"
                }
            }
        },
        {
            "type": "Microsoft.Cdn/profiles/securitypolicies",
            "apiVersion": "2022-11-01-preview",
            "name": "[concat(parameters('profiles_frontdoor_profile_name'), '/allonwithbot-e93c6d85')]",
            "dependsOn": [
                "[resourceId('Microsoft.Cdn/profiles', parameters('profiles_frontdoor_profile_name'))]",
                "[resourceId('Microsoft.Network/frontdoorwebapplicationfirewallpolicies', parameters('frontdoorwebapplicationfirewallpolicies_allonwithbot_name'))]",
                "[resourceId('Microsoft.Cdn/profiles/afdendpoints', parameters('profiles_frontdoor_profile_name'), 'publisher')]"
            ],
            "properties": {
                "parameters": {
                    "wafPolicy": {
                        "id": "[resourceId('Microsoft.Network/frontdoorwebapplicationfirewallpolicies', parameters('frontdoorwebapplicationfirewallpolicies_allonwithbot_name'))]"
                    },
                    "associations": [
                        {
                            "domains": [
                                {
                                    "id": "[resourceId('Microsoft.Cdn/profiles/afdendpoints', parameters('profiles_frontdoor_profile_name'), 'publisher')]"
                                }
                            ],
                            "patternsToMatch": [
                                "/*"
                            ]
                        }
                    ],
                    "type": "WebApplicationFirewall"
                }
            }
        }
    ]
}